year,works,all_works,per_100k,partial_year
2016,773,6619635,11.677381003635396,FALSE
2017,756,6297858,12.004081387671807,FALSE
2018,784,6170937,12.704715669597665,FALSE
2019,882,6430675,13.715511979691088,FALSE
2020,1089,6760689,16.107825696463777,FALSE
2021,1172,6298883,18.60647356047096,FALSE
2022,1116,5825730,19.156397567343493,FALSE
2023,1331,6069916,21.92781580502926,FALSE
2024,1509,6499116,23.218542337142466,FALSE
2025,1803,7536383,23.92394335585121,FALSE
2026,1430,6598798,21.670613345036475,TRUE
