year,publications,affect,consciousness,emotion,pain,sentience,welfare,journals_entomology,journals_multidisciplinary,journals_other,journals_unknown,journals_welfare,talks,sessions,events,theses_phd,theses_ms,theses_openalex,grants_n,grants_usd,media
2016,773,41,161,168,67,27,188,4,5,688,50,26,,,,,,77,,,
2017,756,41,132,172,62,13,208,1,3,719,27,6,,,,,,84,,,
2018,784,39,133,181,72,12,214,4,5,739,31,5,,,,,,73,,,
2019,882,40,149,190,81,15,243,7,2,846,18,9,,,,,,67,,,
2020,1089,43,169,226,77,35,339,10,4,1025,22,28,,,,,,76,,,
2021,1172,50,197,246,94,15,401,16,4,1127,20,5,,,,,,48,,,
2022,1116,64,184,253,95,48,376,12,4,1081,1,18,,,,,,23,,,
2023,1331,61,197,292,114,32,563,15,2,1300,4,10,,,,,,42,,,
2024,1509,54,235,356,92,31,678,19,3,1476,8,3,,,,,,50,,,
2025,1803,87,303,448,114,41,792,15,2,1759,10,17,,,,,,117,,,
2026,1430,100,288,402,105,51,582,13,4,1384,16,13,,,,,,120,,,
