country,n
US,1701
IN,957
GB,812
CN,763
ID,726
IT,427
AU,417
BR,381
DE,364
CA,298
ES,260
FR,234
JP,214
PL,208
NL,197
TR,183
RU,170
PK,166
NG,156
CH,130
EG,129
IR,129
MY,128
MX,120
TH,116
ZA,113
PT,106
BE,105
UA,104
SE,98
BD,93
SA,92
KR,91
NO,84
DK,82
NZ,77
CZ,75
AR,68
AT,68
GR,65
IL,65
IE,62
TW,58
KE,55
FI,51
HU,47
RO,45
ET,44
CO,43
HK,43
SG,37
IQ,36
PH,35
CL,33
RS,32
CM,30
VN,30
GH,29
TZ,29
NP,26
EC,24
UG,23
MA,22
SK,21
AE,20
HR,19
LK,18
PE,17
BG,16
LT,16
KZ,15
LB,15
TN,15
DZ,14
SI,14
JO,13
RW,13
UZ,13
CR,12
ZM,12
CI,11
MW,11
UY,11
CD,10
OM,10
CY,9
PA,9
QA,9
AL,8
GE,8
VE,8
BJ,7
EE,7
KH,7
KW,7
LV,7
MO,7
MT,7
ZW,7
AZ,6
BF,6
BH,6
ML,6
SD,6
FJ,5
IS,5
LU,5
MK,5
PR,5
RE,5
SN,5
TG,5
YE,5
AF,4
BY,4
CU,4
MG,4
PS,4
XK,4
BA,3
CG,3
GA,3
GD,3
GT,3
KG,3
LY,3
NC,3
PF,3
AM,2
BO,2
BT,2
BW,2
CV,2
GF,2
GM,2
GN,2
GP,2
LA,2
MN,2
MZ,2
NE,2
PG,2
SY,2
AO,1
BB,1
BI,1
BN,1
CW,1
GL,1
GY,1
HN,1
JE,1
JM,1
KP,1
MU,1
NA,1
NI,1
PY,1
SO,1
SS,1
TD,1
TJ,1
TL,1
TT,1
WS,1
