title,year,journal,cited_by,doi,taxa,themes
AASLD Practice Guidance on the clinical assessment and management of nonalcoholic fatty liver disease,2023,Hepatology,2596,10.1097/hep.0000000000000323,general,
Multiple elements of soil biodiversity drive ecosystem functions across biomes,2020,Nature Ecology & Evolution,1455,10.1038/s41559-019-1084-y,general,
"Forest biodiversity, ecosystem functioning and the provision of ecosystem services",2017,Biodiversity and Conservation,1272,10.1007/s10531-017-1453-2,general,
"A systematic review on consumer acceptance of alternative proteins: Pulses, algae, insects, plant-based meat alternatives, and cultured meat",2020,Appetite,1059,10.1016/j.appet.2020.105058,insects,affect;consciousness
Biological control using invertebrates and microorganisms: plenty of new opportunities,2017,BioControl,1050,10.1007/s10526-017-9801-4,general,consciousness
Primary Biliary Cholangitis: 2018 Practice Guidance from the American Association for the Study of Liver Diseases,2018,Hepatology,927,10.1002/hep.30145,general,
Controlled flight of a microrobot powered by soft artificial muscles,2019,Nature,874,10.1038/s41586-019-1737-7,general,
Agricultural intensification and climate change are rapidly decreasing insect biodiversity,2021,Proceedings of the National Academy of Sciences,822,10.1073/pnas.2002548117,insects,
Collagen: A review on its sources and potential cosmetic applications,2017,Journal of Cosmetic Dermatology,588,10.1111/jocd.12450,insects,welfare
"Other Minds: The Octopus, the Sea, and the Deep Origins of Consciousness",2016,NA,585,NA,cephalopods,consciousness
New developments in anti-malarial target candidate and product profiles,2017,Malaria Journal,560,10.1186/s12936-016-1675-x,insects,
Indoor Exposure to Selected Air Pollutants in the Home Environment: A Systematic Review,2020,International Journal of Environmental Research and Public Health,537,10.3390/ijerph17238972,insects,welfare
Chikungunya virus: an update on the biology and pathogenesis of this emerging pathogen,2017,The Lancet Infectious Diseases,532,10.1016/s1473-3099(16)30385-1,general,
"The past, present and future of anti-malarial medicines",2019,Malaria Journal,482,10.1186/s12936-019-2724-z,insects,
Global Epidemiology of Dengue Outbreaks in 1990–2015: A Systematic Review and Meta-Analysis,2017,Frontiers in Cellular and Infection Microbiology,477,10.3389/fcimb.2017.00317,insects,
Multi-country evidence that crop diversification promotes ecological intensification of agriculture,2016,Nature Plants,458,10.1038/nplants.2016.14,general,
Plant-associated Bacillus and Pseudomonas antimicrobial activities in plant disease suppression via biological control mechanisms - A review,2021,Physiological and Molecular Plant Pathology,457,10.1016/j.pmpp.2021.101754,general,
What insects can tell us about the origins of consciousness,2016,Proceedings of the National Academy of Sciences,449,10.1073/pnas.1520084113,insects;general,consciousness
Meat alternatives: an integrative comparison,2019,Trends in Food Science & Technology,432,10.1016/j.tifs.2019.04.018,insects,welfare
"Toxicity of the Non-Steroidal Anti-Inflammatory Drugs (NSAIDs) acetylsalicylic acid, paracetamol, diclofenac, ibuprofen and naproxen towards freshwater invertebrates: A review",2020,The Science of The Total Environment,424,10.1016/j.scitotenv.2020.140043,general,
Benefits and food safety concerns associated with consumption of edible insects,2019,NFS Journal,419,10.1016/j.nfs.2019.11.002,insects,welfare
Phase III randomised clinical trial comparing primary surgery versus neoadjuvant chemotherapy in advanced epithelial ovarian cancer with high tumour load (SCORPION trial): Final analysis of peri-operative outcome,2016,European Journal of Cancer,408,10.1016/j.ejca.2016.01.017,chelicerates,
Pesticides: An alarming detrimental to health and environment,2024,The Science of The Total Environment,396,10.1016/j.scitotenv.2024.170113,general,
The little things that run the world revisited: a review of ant-mediated ecosystem services and disservices (Hymenoptera: Formicidae),2023,Österreichische Gesellschaft für Entomofaunistik (OEGEF),389,10.25849/myrmecol.news_017:133,insects,welfare
The Impact of Studying Brain Plasticity,2019,Frontiers in Cellular Neuroscience,389,10.3389/fncel.2019.00066,insects,welfare
3D food printing of fresh vegetables using food hydrocolloids for dysphagic patients,2020,Food Hydrocolloids,372,10.1016/j.foodhyd.2020.106546,general,
Circuit modules linking internal states and social behaviour in flies and mice,2016,Nature reviews. Neuroscience,369,10.1038/nrn.2016.125,general,
"Probiotics, lactic acid bacteria and bacilli: interesting supplementation for aquaculture",2020,Journal of Applied Microbiology,369,10.1111/jam.14628,crustaceans,welfare
Commensal bacteria and essential amino acids control food choice behavior and reproduction,2017,PLoS Biology,354,10.1371/journal.pbio.2000862,insects,welfare
The functional roles of mammals in ecosystems,2019,Journal of Mammalogy,347,10.1093/jmammal/gyy183,insects;general,welfare
Engineering nanostructures of PGM-free oxygen-reduction catalysts using metal-organic frameworks,2016,Nano Energy,343,10.1016/j.nanoen.2016.11.033,general,
Harmful algal blooms and their effects in coastal seas of Northern Europe,2021,Harmful Algae,343,10.1016/j.hal.2021.101989,general,welfare
"Devastating outbreak of bark beetles in the Czech Republic: Drivers, impacts, and management implications",2021,Forest Ecology and Management,325,10.1016/j.foreco.2021.119075,insects,
"Probiotics, prebiotics and synbiotics improved the functionality of aquafeed: Upgrading growth, reproduction, immunity and disease resistance in fish",2021,Fish & Shellfish Immunology,325,10.1016/j.fsi.2021.12.037,general,
Impact of climate change on animal health and welfare,2018,Animal Frontiers,321,10.1093/af/vfy030,insects,welfare
"Emotional and sensory profiling of insect-, plant- and meat-based burgers under blind, expected and informed conditions",2016,Food Quality and Preference,319,10.1016/j.foodqual.2016.03.011,insects,emotion
Advances in optical-sensing strategies for the on-site detection of pesticides in agricultural foods,2021,Trends in Food Science & Technology,310,10.1016/j.tifs.2021.11.018,general,
Recognizing the quiet extinction of invertebrates,2018,Nature Communications,309,10.1038/s41467-018-07916-1,general,
A gut microbial factor modulates locomotor behaviour in Drosophila,2018,Nature,307,10.1038/s41586-018-0634-9,insects,
Guillain-Barré syndrome associated with Zika virus infection,2016,The Lancet,302,10.1016/s0140-6736(16)30058-7,general,
The red swamp crayfish Procambarus clarkii in Europe: Impacts on aquatic ecosystems and human well-being,2016,Limnologica,302,10.1016/j.limno.2016.03.003,crustaceans,welfare
"Genetic architecture of subcortical brain structures in 38,851 individuals",2019,Nature Genetics,294,10.1038/s41588-019-0511-y,insects,emotion;consciousness
Malaria: Global progress 2000 – 2015 and future challenges,2016,Infectious Diseases of Poverty,292,10.1186/s40249-016-0151-8,insects,welfare
Orbitofrontal cortex,2018,Current Biology,280,10.1016/j.cub.2018.07.018,general,
"Sulphate in freshwater ecosystems: A review of sources, biogeochemical cycles, ecotoxicological effects and bioremediation",2020,Earth-Science Reviews,275,10.1016/j.earscirev.2020.103446,general,
Electron cryo-microscopy structure of the mechanotransduction channel NOMPC,2017,Nature,271,10.1038/nature22981,general,
Review of malaria situation in Cameroon: technical viewpoint on challenges and prospects for disease elimination,2019,Parasites & Vectors,268,10.1186/s13071-019-3753-8,insects,welfare
The effect of communication and implicit associations on consuming insects: An experiment in Denmark and Italy,2016,Appetite,261,10.1016/j.appet.2016.02.006,insects,
Prospective impact of COVID‐19 on mental health functioning in adolescents with and without ADHD: protective role of emotion regulation abilities,2021,Journal of Child Psychology and Psychiatry,255,10.1111/jcpp.13382,general,emotion
"Aquilaria spp. (agarwood) as source of health beneficial compounds: A review of traditional use, phytochemistry and pharmacology",2016,Journal of Ethnopharmacology,252,10.1016/j.jep.2016.06.055,general,
